DateTime,CAISO_HourlyLoad,California_HourlyLoad
2015-07-01 00:00:00-07:00,759794.0,940489
2015-07-02 00:00:00-07:00,780410.0,962751
2015-07-03 00:00:00-07:00,719208.0,887079
2015-07-04 00:00:00-07:00,678520.0,830874
2015-07-05 00:00:00-07:00,649346.0,791310
2015-07-06 00:00:00-07:00,703441.0,860312
2015-07-07 00:00:00-07:00,708136.0,863431
2015-07-08 00:00:00-07:00,685570.0,831214
2015-07-09 00:00:00-07:00,667818.0,806804
2015-07-10 00:00:00-07:00,667891.0,808706
2015-07-11 00:00:00-07:00,644987.0,782162
2015-07-12 00:00:00-07:00,639646.0,777918
2015-07-13 00:00:00-07:00,718082.0,882392
2015-07-14 00:00:00-07:00,645305.0,885599
2015-07-15 00:00:00-07:00,721352.0,886019
2015-07-16 00:00:00-07:00,736158.0,906246
2015-07-17 00:00:00-07:00,748797.0,918763
2015-07-18 00:00:00-07:00,669845.0,810188
2015-07-19 00:00:00-07:00,684377.0,845136
2015-07-20 00:00:00-07:00,780472.0,970298
2015-07-21 00:00:00-07:00,767576.0,943025
2015-07-22 00:00:00-07:00,739367.0,902271
2015-07-23 00:00:00-07:00,723018.0,881709
2015-07-24 00:00:00-07:00,625689.0,892900
2015-07-25 00:00:00-07:00,699889.0,856156
2015-07-26 00:00:00-07:00,665364.0,813690
2015-07-27 00:00:00-07:00,725773.0,895359
2015-07-28 00:00:00-07:00,768708.0,949834
2015-07-29 00:00:00-07:00,802859.0,991596
2015-07-30 00:00:00-07:00,806039.0,993530
2015-07-31 00:00:00-07:00,794323.0,974922
2015-08-01 00:00:00-07:00,722259.0,881422
2015-08-02 00:00:00-07:00,689283.0,844183
2015-08-03 00:00:00-07:00,746612.0,916622
2015-08-04 00:00:00-07:00,743553.0,909891
2015-08-05 00:00:00-07:00,764973.0,942323
2015-08-06 00:00:00-07:00,758394.0,930495
2015-08-07 00:00:00-07:00,728480.0,892387
2015-08-08 00:00:00-07:00,664269.0,809640
2015-08-09 00:00:00-07:00,638049.0,782249
2015-08-10 00:00:00-07:00,700238.0,859478
2015-08-11 00:00:00-07:00,710278.0,870172
2015-08-12 00:00:00-07:00,743511.0,913854
2015-08-13 00:00:00-07:00,789014.0,970384
2015-08-14 00:00:00-07:00,798482.0,983933
2015-08-15 00:00:00-07:00,787040.0,969033
2015-08-16 00:00:00-07:00,792980.0,977598
2015-08-17 00:00:00-07:00,834580.0,1032135
2015-08-18 00:00:00-07:00,784542.0,965721
2015-08-19 00:00:00-07:00,751266.0,921278
2015-08-20 00:00:00-07:00,735858.0,902138
2015-08-21 00:00:00-07:00,723849.0,886339
2015-08-22 00:00:00-07:00,684359.0,838265
2015-08-23 00:00:00-07:00,677082.0,830626
2015-08-24 00:00:00-07:00,767061.0,946342
2015-08-25 00:00:00-07:00,766008.0,943726
2015-08-26 00:00:00-07:00,808719.0,1001398
2015-08-27 00:00:00-07:00,840932.0,1042505
2015-08-28 00:00:00-07:00,863406.0,1069377
2015-08-29 00:00:00-07:00,784174.0,963587
2015-08-30 00:00:00-07:00,716736.0,879996
2015-08-31 00:00:00-07:00,747307.0,924679
2015-09-01 00:00:00-07:00,738897.0,910905
2015-09-02 00:00:00-07:00,716759.0,878699
2015-09-03 00:00:00-07:00,686351.0,839875
2015-09-04 00:00:00-07:00,663013.0,810591
2015-09-05 00:00:00-07:00,621170.0,758047
2015-09-06 00:00:00-07:00,627495.0,769173
2015-09-07 00:00:00-07:00,699957.0,863347
2015-09-08 00:00:00-07:00,830553.0,1028853
2015-09-09 00:00:00-07:00,878815.0,1090298
2015-09-10 00:00:00-07:00,889106.0,1100640
2015-09-11 00:00:00-07:00,859818.0,1062349
2015-09-12 00:00:00-07:00,749020.0,915781
2015-09-13 00:00:00-07:00,729059.0,898595
2015-09-14 00:00:00-07:00,736924.0,904851
2015-09-15 00:00:00-07:00,716194.0,872109
2015-09-16 00:00:00-07:00,673699.0,820074
2015-09-17 00:00:00-07:00,669939.0,819870
2015-09-18 00:00:00-07:00,697213.0,855104
2015-09-19 00:00:00-07:00,690433.0,848131
2015-09-20 00:00:00-07:00,731018.0,902010
2015-09-21 00:00:00-07:00,781569.0,962039
2015-09-22 00:00:00-07:00,732899.0,899644
2015-09-23 00:00:00-07:00,724152.0,891449
2015-09-24 00:00:00-07:00,763902.0,943136
2015-09-25 00:00:00-07:00,778708.0,961399
2015-09-26 00:00:00-07:00,732771.0,902757
2015-09-27 00:00:00-07:00,686795.0,843270
2015-09-28 00:00:00-07:00,726540.0,895079
2015-09-29 00:00:00-07:00,697678.0,854402
2015-09-30 00:00:00-07:00,697429.0,855265
2015-10-01 00:00:00-07:00,689500.0,843455
2015-10-02 00:00:00-07:00,673673.0,825452
2015-10-03 00:00:00-07:00,611897.0,747234
2015-10-04 00:00:00-07:00,559183.0,679674
2015-10-05 00:00:00-07:00,612477.0,751355
2015-10-06 00:00:00-07:00,629642.0,771989
2015-10-07 00:00:00-07:00,656265.0,806806
2015-10-08 00:00:00-07:00,694900.0,859792
2015-10-09 00:00:00-07:00,739588.0,916515
2015-10-10 00:00:00-07:00,703964.0,865828
2015-10-11 00:00:00-07:00,678242.0,836109
2015-10-12 00:00:00-07:00,743265.0,922443
2015-10-13 00:00:00-07:00,786688.0,971296
2015-10-14 00:00:00-07:00,761717.0,935916
2015-10-15 00:00:00-07:00,714767.0,879827
2015-10-16 00:00:00-07:00,679231.0,835999
2015-10-17 00:00:00-07:00,621391.0,760297
2015-10-18 00:00:00-07:00,580016.0,708330
2015-10-19 00:00:00-07:00,621566.0,760595
2015-10-20 00:00:00-07:00,626702.0,766222
2015-10-21 00:00:00-07:00,631998.0,773361
2015-10-22 00:00:00-07:00,635150.0,776562
2015-10-23 00:00:00-07:00,632668.0,773519
2015-10-24 00:00:00-07:00,592902.0,721622
2015-10-25 00:00:00-07:00,568020.0,689812
2015-10-26 00:00:00-07:00,630943.0,772251
2015-10-27 00:00:00-07:00,630081.0,765770
2015-10-28 00:00:00-07:00,630377.0,768548
2015-10-29 00:00:00-07:00,623173.0,759291
2015-10-30 00:00:00-07:00,613959.0,749467
2015-10-31 00:00:00-07:00,572620.0,699920
2015-11-01 00:00:00-07:00,576061.0,697604
2015-11-02 00:00:00-08:00,598313.0,728428
2015-11-03 00:00:00-08:00,580685.0,705853
2015-11-04 00:00:00-08:00,582718.0,709170
2015-11-05 00:00:00-08:00,592404.0,720249
2015-11-06 00:00:00-08:00,593284.0,720935
2015-11-07 00:00:00-08:00,549296.0,665555
2015-11-08 00:00:00-08:00,536974.0,651745
2015-11-09 00:00:00-08:00,590983.0,721474
2015-11-10 00:00:00-08:00,588180.0,717136
2015-11-11 00:00:00-08:00,590953.0,718639
2015-11-12 00:00:00-08:00,599946.0,729977
2015-11-13 00:00:00-08:00,591344.0,719338
2015-11-14 00:00:00-08:00,545751.0,662820
2015-11-15 00:00:00-08:00,536817.0,653064
2015-11-16 00:00:00-08:00,586924.0,719278
2015-11-17 00:00:00-08:00,602443.0,733406
2015-11-18 00:00:00-08:00,599818.0,730786
2015-11-19 00:00:00-08:00,599780.0,730494
2015-11-20 00:00:00-08:00,596199.0,727077
2015-11-21 00:00:00-08:00,559319.0,679604
2015-11-22 00:00:00-08:00,539717.0,656533
2015-11-23 00:00:00-08:00,590441.0,720418
2015-11-24 00:00:00-08:00,601083.0,731593
2015-11-25 00:00:00-08:00,599562.0,729597
2015-11-26 00:00:00-08:00,540463.0,654942
2015-11-27 00:00:00-08:00,544095.0,665576
2015-11-28 00:00:00-08:00,550972.0,671120
2015-11-29 00:00:00-08:00,549284.0,669642
2015-11-30 00:00:00-08:00,618540.0,756821
2015-12-01 00:00:00-08:00,621278.0,756090
2015-12-02 00:00:00-08:00,621058.0,754373
2015-12-03 00:00:00-08:00,620449.0,754247
2015-12-04 00:00:00-08:00,615381.0,747917
2015-12-05 00:00:00-08:00,579483.0,701171
2015-12-06 00:00:00-08:00,559460.0,677274
2015-12-07 00:00:00-08:00,609928.0,742635
2015-12-08 00:00:00-08:00,620883.0,754527
2015-12-09 00:00:00-08:00,617032.0,748566
2015-12-10 00:00:00-08:00,615792.0,746745
2015-12-11 00:00:00-08:00,605319.0,735696
2015-12-12 00:00:00-08:00,572935.0,694896
2015-12-13 00:00:00-08:00,571688.0,693170
2015-12-14 00:00:00-08:00,625800.0,765217
2015-12-15 00:00:00-08:00,645824.0,785041
2015-12-16 00:00:00-08:00,652381.0,793514
2015-12-17 00:00:00-08:00,643808.0,783107
2015-12-18 00:00:00-08:00,624562.0,761084
2015-12-19 00:00:00-08:00,581131.0,706738
2015-12-20 00:00:00-08:00,574068.0,701028
2015-12-21 00:00:00-08:00,618960.0,758520
2015-12-22 00:00:00-08:00,615827.0,749012
2015-12-23 00:00:00-08:00,594219.0,725428
2015-12-24 00:00:00-08:00,575656.0,703392
2015-12-25 00:00:00-08:00,543478.0,663614
2015-12-26 00:00:00-08:00,563093.0,689726
2015-12-27 00:00:00-08:00,579880.0,708418
2015-12-28 00:00:00-08:00,624438.0,765882
2015-12-29 00:00:00-08:00,619545.0,760750
2015-12-30 00:00:00-08:00,625778.0,765185
2015-12-31 00:00:00-08:00,599115.0,733391
2016-01-01 00:00:00-08:00,563973.0,689307
2016-01-02 00:00:00-08:00,564897.0,690124
2016-01-03 00:00:00-08:00,553546.0,674717
2016-01-04 00:00:00-08:00,597908.0,732453
2016-01-05 00:00:00-08:00,614977.0,757620
2016-01-06 00:00:00-08:00,625996.0,767061
2016-01-07 00:00:00-08:00,614543.0,751237
2016-01-08 00:00:00-08:00,612957.0,749496
2016-01-09 00:00:00-08:00,571302.0,697808
2016-01-10 00:00:00-08:00,544796.0,666054
2016-01-11 00:00:00-08:00,595125.0,730680
2016-01-12 00:00:00-08:00,601277.0,737349
2016-01-13 00:00:00-08:00,603383.0,740124
2016-01-14 00:00:00-08:00,607042.0,744856
2016-01-15 00:00:00-08:00,594403.0,727350
2016-01-16 00:00:00-08:00,541930.0,661809
2016-01-17 00:00:00-08:00,527789.0,643973
2016-01-18 00:00:00-08:00,574316.0,701843
2016-01-19 00:00:00-08:00,591028.0,722416
2016-01-20 00:00:00-08:00,585346.0,714687
2016-01-21 00:00:00-08:00,581842.0,709966
2016-01-22 00:00:00-08:00,584740.0,714922
2016-01-23 00:00:00-08:00,536842.0,656369
2016-01-24 00:00:00-08:00,525293.0,642702
2016-01-25 00:00:00-08:00,583759.0,715910
2016-01-26 00:00:00-08:00,588216.0,720483
2016-01-27 00:00:00-08:00,591785.0,724852
2016-01-28 00:00:00-08:00,590475.0,724158
2016-01-29 00:00:00-08:00,583737.0,714724
2016-01-30 00:00:00-08:00,539926.0,658544
2016-01-31 00:00:00-08:00,542473.0,663222
2016-02-01 00:00:00-08:00,594646.0,732343
2016-02-02 00:00:00-08:00,611201.0,749459
2016-02-03 00:00:00-08:00,601973.0,738775
2016-02-04 00:00:00-08:00,589094.0,722600
2016-02-05 00:00:00-08:00,581061.0,711626
2016-02-06 00:00:00-08:00,535608.0,652742
2016-02-07 00:00:00-08:00,515835.0,629496
2016-02-08 00:00:00-08:00,571574.0,702647
2016-02-09 00:00:00-08:00,587496.0,719317
2016-02-10 00:00:00-08:00,584753.0,718019
2016-02-11 00:00:00-08:00,584279.0,717584
2016-02-12 00:00:00-08:00,574398.0,705797
2016-02-13 00:00:00-08:00,523616.0,641414
2016-02-14 00:00:00-08:00,505638.0,621173
2016-02-15 00:00:00-08:00,557310.0,688582
2016-02-16 00:00:00-08:00,592326.0,729211
2016-02-17 00:00:00-08:00,585047.0,716031
2016-02-18 00:00:00-08:00,575586.0,705507
2016-02-19 00:00:00-08:00,570341.0,699863
2016-02-20 00:00:00-08:00,525059.0,642633
2016-02-21 00:00:00-08:00,505890.0,620431
2016-02-22 00:00:00-08:00,569201.0,700299
2016-02-23 00:00:00-08:00,576076.0,707142
2016-02-24 00:00:00-08:00,579829.0,710180
2016-02-25 00:00:00-08:00,579714.0,709928
2016-02-26 00:00:00-08:00,571670.0,700631
2016-02-27 00:00:00-08:00,534761.0,652109
2016-02-28 00:00:00-08:00,529101.0,644948
2016-02-29 00:00:00-08:00,594866.0,727591
2016-03-01 00:00:00-08:00,596038.0,726799
2016-03-02 00:00:00-08:00,593102.0,724706
2016-03-03 00:00:00-08:00,597546.0,728771
2016-03-04 00:00:00-08:00,595867.0,725780
2016-03-05 00:00:00-08:00,557670.0,678288
2016-03-06 00:00:00-08:00,537029.0,652316
2016-03-07 00:00:00-08:00,595337.0,728153
2016-03-08 00:00:00-08:00,596817.0,727183
2016-03-09 00:00:00-08:00,600997.0,732608
2016-03-10 00:00:00-08:00,606218.0,740741
2016-03-11 00:00:00-08:00,604050.0,736720
2016-03-12 00:00:00-08:00,558580.0,680817
2016-03-13 00:00:00-08:00,520941.0,632134
2016-03-14 00:00:00-07:00,585697.0,716957
2016-03-15 00:00:00-07:00,593866.0,726522
2016-03-16 00:00:00-07:00,604470.0,739899
2016-03-17 00:00:00-07:00,605474.0,740177
2016-03-18 00:00:00-07:00,599036.0,731010
2016-03-19 00:00:00-07:00,551366.0,669680
2016-03-20 00:00:00-07:00,530846.0,646760
2016-03-21 00:00:00-07:00,589314.0,721270
2016-03-22 00:00:00-07:00,588317.0,716527
2016-03-23 00:00:00-07:00,598362.0,727671
2016-03-24 00:00:00-07:00,588588.0,718439
2016-03-25 00:00:00-07:00,578690.0,705997
2016-03-26 00:00:00-07:00,541869.0,659119
2016-03-27 00:00:00-07:00,506034.0,617395
2016-03-28 00:00:00-07:00,569418.0,695822
2016-03-29 00:00:00-07:00,572507.0,697427
2016-03-30 00:00:00-07:00,567573.0,693320
2016-03-31 00:00:00-07:00,562702.0,688507
2016-04-01 00:00:00-07:00,569249.0,695818
2016-04-02 00:00:00-07:00,543766.0,661969
2016-04-03 00:00:00-07:00,524928.0,641347
2016-04-04 00:00:00-07:00,587165.0,721538
2016-04-05 00:00:00-07:00,600860.0,739360
2016-04-06 00:00:00-07:00,619335.0,760711
2016-04-07 00:00:00-07:00,613690.0,745153
2016-04-08 00:00:00-07:00,596372.0,726088
2016-04-09 00:00:00-07:00,550743.0,668185
2016-04-10 00:00:00-07:00,529768.0,643550
2016-04-11 00:00:00-07:00,578532.0,707659
2016-04-12 00:00:00-07:00,585982.0,715222
2016-04-13 00:00:00-07:00,583136.0,712029
2016-04-14 00:00:00-07:00,583905.0,712058
2016-04-15 00:00:00-07:00,579173.0,706080
2016-04-16 00:00:00-07:00,551905.0,673154
2016-04-17 00:00:00-07:00,546019.0,670410
2016-04-18 00:00:00-07:00,632476.0,777539
2016-04-19 00:00:00-07:00,646502.0,792281
2016-04-20 00:00:00-07:00,636335.0,780161
2016-04-21 00:00:00-07:00,628766.0,767515
2016-04-22 00:00:00-07:00,612841.0,746432
2016-04-23 00:00:00-07:00,556771.0,676930
2016-04-24 00:00:00-07:00,534084.0,650544
2016-04-25 00:00:00-07:00,569036.0,689455
2016-04-26 00:00:00-07:00,585686.0,714006
2016-04-27 00:00:00-07:00,589932.0,718645
2016-04-28 00:00:00-07:00,594052.0,722430
2016-04-29 00:00:00-07:00,588364.0,716717
2016-04-30 00:00:00-07:00,549743.0,665900
2016-05-01 00:00:00-07:00,540698.0,659632
2016-05-02 00:00:00-07:00,610231.0,749362
2016-05-03 00:00:00-07:00,629159.0,771174
2016-05-04 00:00:00-07:00,618059.0,755003
2016-05-05 00:00:00-07:00,606465.0,737349
2016-05-06 00:00:00-07:00,591147.0,719191
2016-05-07 00:00:00-07:00,545272.0,662566
2016-05-08 00:00:00-07:00,525795.0,641254
2016-05-09 00:00:00-07:00,595756.0,730197
2016-05-10 00:00:00-07:00,602836.0,740332
2016-05-11 00:00:00-07:00,622303.0,766583
2016-05-12 00:00:00-07:00,643661.0,792185
2016-05-13 00:00:00-07:00,633550.0,775034
2016-05-14 00:00:00-07:00,573040.0,697338
2016-05-15 00:00:00-07:00,549285.0,668926
2016-05-16 00:00:00-07:00,612934.0,753101
2016-05-17 00:00:00-07:00,644413.0,793007
2016-05-18 00:00:00-07:00,661349.0,815120
2016-05-19 00:00:00-07:00,649208.0,790456
2016-05-20 00:00:00-07:00,608556.0,737278
2016-05-21 00:00:00-07:00,559902.0,674379
2016-05-22 00:00:00-07:00,538398.0,652189
2016-05-23 00:00:00-07:00,592764.0,723968
2016-05-24 00:00:00-07:00,601747.0,730586
2016-05-25 00:00:00-07:00,600195.0,732615
2016-05-26 00:00:00-07:00,613434.0,751480
2016-05-27 00:00:00-07:00,616801.0,758834
2016-05-28 00:00:00-07:00,592521.0,722005
2016-05-29 00:00:00-07:00,565943.0,691973
2016-05-30 00:00:00-07:00,590583.0,728061
2016-05-31 00:00:00-07:00,674797.0,835864
2016-06-01 00:00:00-07:00,694418.0,857065
2016-06-02 00:00:00-07:00,719109.0,889437
2016-06-03 00:00:00-07:00,753645.0,935472
2016-06-04 00:00:00-07:00,704164.0,865709
2016-06-05 00:00:00-07:00,648330.0,797754
2016-06-06 00:00:00-07:00,682751.0,842817
2016-06-07 00:00:00-07:00,689660.0,844027
2016-06-08 00:00:00-07:00,685060.0,837044
2016-06-09 00:00:00-07:00,664197.0,814280
2016-06-10 00:00:00-07:00,654939.0,802419
2016-06-11 00:00:00-07:00,615986.0,748117
2016-06-12 00:00:00-07:00,592340.0,723150
2016-06-13 00:00:00-07:00,647254.0,790664
2016-06-14 00:00:00-07:00,638637.0,777555
2016-06-15 00:00:00-07:00,630868.0,766236
2016-06-16 00:00:00-07:00,638813.0,779678
2016-06-17 00:00:00-07:00,673566.0,823612
2016-06-18 00:00:00-07:00,657577.0,806766
2016-06-19 00:00:00-07:00,701504.0,871455
2016-06-20 00:00:00-07:00,827129.0,1034763
2016-06-21 00:00:00-07:00,805473.0,999709
2016-06-22 00:00:00-07:00,777963.0,958378
2016-06-23 00:00:00-07:00,752003.0,925535
2016-06-24 00:00:00-07:00,731443.0,898678
2016-06-25 00:00:00-07:00,705753.0,866982
2016-06-26 00:00:00-07:00,714384.0,884455
2016-06-27 00:00:00-07:00,814790.0,1017778
2016-06-28 00:00:00-07:00,830654.0,1032236
2016-06-29 00:00:00-07:00,806195.0,1001951
2016-06-30 00:00:00-07:00,788389.0,979743
2016-07-01 00:00:00-07:00,773599.0,957679
2016-07-02 00:00:00-07:00,696372.0,854362
2016-07-03 00:00:00-07:00,652147.0,799789
2016-07-04 00:00:00-07:00,642169.0,786789
2016-07-05 00:00:00-07:00,698003.0,857765
2016-07-06 00:00:00-07:00,701806.0,859505
2016-07-07 00:00:00-07:00,712681.0,872863
2016-07-08 00:00:00-07:00,723809.0,886544
2016-07-09 00:00:00-07:00,691329.0,844976
2016-07-10 00:00:00-07:00,656877.0,803595
2016-07-11 00:00:00-07:00,720970.0,889833
2016-07-12 00:00:00-07:00,726791.0,896377
2016-07-13 00:00:00-07:00,764806.0,947303
2016-07-14 00:00:00-07:00,786799.0,975358
2016-07-15 00:00:00-07:00,768018.0,948452
2016-07-16 00:00:00-07:00,704468.0,862535
2016-07-17 00:00:00-07:00,661827.0,809334
2016-07-18 00:00:00-07:00,719859.0,885493
2016-07-19 00:00:00-07:00,741713.0,913676
2016-07-20 00:00:00-07:00,768830.0,952074
2016-07-21 00:00:00-07:00,791250.0,976200
2016-07-22 00:00:00-07:00,818507.0,1015645
2016-07-23 00:00:00-07:00,789550.0,974365
2016-07-24 00:00:00-07:00,769330.0,952624
2016-07-25 00:00:00-07:00,829905.0,1030792
2016-07-26 00:00:00-07:00,863203.0,1071580
2016-07-27 00:00:00-07:00,876552.0,1086421
2016-07-28 00:00:00-07:00,864527.0,1071154
2016-07-29 00:00:00-07:00,864874.0,1070397
2016-07-30 00:00:00-07:00,800709.0,988198
2016-07-31 00:00:00-07:00,743994.0,916447
2016-08-01 00:00:00-07:00,797255.0,983579
2016-08-02 00:00:00-07:00,800579.0,983662
2016-08-03 00:00:00-07:00,794169.0,979096
2016-08-04 00:00:00-07:00,769802.0,943008
2016-08-05 00:00:00-07:00,750074.0,917789
2016-08-06 00:00:00-07:00,696922.0,852145
2016-08-07 00:00:00-07:00,672771.0,826201
2016-08-08 00:00:00-07:00,733845.0,908500
2016-08-09 00:00:00-07:00,741504.0,916892
2016-08-10 00:00:00-07:00,744884.0,919567
2016-08-11 00:00:00-07:00,747309.0,923029
2016-08-12 00:00:00-07:00,767055.0,946247
2016-08-13 00:00:00-07:00,751023.0,928949
2016-08-14 00:00:00-07:00,760062.0,942720
2016-08-15 00:00:00-07:00,828445.0,1021699
2016-08-16 00:00:00-07:00,811505.0,1000912
2016-08-17 00:00:00-07:00,802943.0,990657
2016-08-18 00:00:00-07:00,788886.0,969575
2016-08-19 00:00:00-07:00,770273.0,946543
2016-08-20 00:00:00-07:00,706481.0,865816
2016-08-21 00:00:00-07:00,682205.0,836499
2016-08-22 00:00:00-07:00,742774.0,914387
2016-08-23 00:00:00-07:00,743553.0,914194
2016-08-24 00:00:00-07:00,744917.0,915709
2016-08-25 00:00:00-07:00,730008.0,894091
2016-08-26 00:00:00-07:00,697608.0,853064
2016-08-27 00:00:00-07:00,644078.0,786644
2016-08-28 00:00:00-07:00,646591.0,794273
2016-08-29 00:00:00-07:00,741957.0,916805
2016-08-30 00:00:00-07:00,777669.0,962182
2016-08-31 00:00:00-07:00,776958.0,959837
2016-09-01 00:00:00-07:00,746723.0,919566
2016-09-02 00:00:00-07:00,713056.0,878093
2016-09-03 00:00:00-07:00,629140.0,769596
2016-09-04 00:00:00-07:00,578737.0,707372
2016-09-05 00:00:00-07:00,592417.0,728303
2016-09-06 00:00:00-07:00,676205.0,836353
2016-09-07 00:00:00-07:00,718356.0,884002
2016-09-08 00:00:00-07:00,710754.0,874466
2016-09-09 00:00:00-07:00,706909.0,870911
2016-09-10 00:00:00-07:00,663943.0,817846
2016-09-11 00:00:00-07:00,629255.0,768935
2016-09-12 00:00:00-07:00,496477.0,795713
2016-09-13 00:00:00-07:00,629076.0,766788
2016-09-14 00:00:00-07:00,633969.0,774754
2016-09-15 00:00:00-07:00,645318.0,791430
2016-09-16 00:00:00-07:00,657105.0,808999
2016-09-17 00:00:00-07:00,642012.0,791574
2016-09-18 00:00:00-07:00,667387.0,826808
2016-09-19 00:00:00-07:00,744246.0,919359
2016-09-20 00:00:00-07:00,732399.0,904351
2016-09-21 00:00:00-07:00,713826.0,876646
2016-09-22 00:00:00-07:00,647561.0,791848
2016-09-23 00:00:00-07:00,631019.0,773672
2016-09-24 00:00:00-07:00,625042.0,768149
2016-09-25 00:00:00-07:00,660279.0,813844
2016-09-26 00:00:00-07:00,779962.0,968439
2016-09-27 00:00:00-07:00,778614.0,963116
2016-09-28 00:00:00-07:00,754763.0,937159
2016-09-29 00:00:00-07:00,738232.0,910903
2016-09-30 00:00:00-07:00,706132.0,867968
2016-10-01 00:00:00-07:00,621206.0,759780
2016-10-02 00:00:00-07:00,573271.0,697284
2016-10-03 00:00:00-07:00,614872.0,749267
2016-10-04 00:00:00-07:00,618157.0,754168
2016-10-05 00:00:00-07:00,618362.0,753251
2016-10-06 00:00:00-07:00,622816.0,761418
2016-10-07 00:00:00-07:00,645751.0,789176
2016-10-08 00:00:00-07:00,613899.0,748944
2016-10-09 00:00:00-07:00,603833.0,737084
2016-10-10 00:00:00-07:00,650476.0,797653
2016-10-11 00:00:00-07:00,624676.0,762241
2016-10-12 00:00:00-07:00,610572.0,745051
2016-10-13 00:00:00-07:00,613328.0,748925
2016-10-14 00:00:00-07:00,616851.0,752118
2016-10-15 00:00:00-07:00,576712.0,702723
2016-10-16 00:00:00-07:00,568340.0,691190
2016-10-17 00:00:00-07:00,612416.0,747287
2016-10-18 00:00:00-07:00,611192.0,743602
2016-10-19 00:00:00-07:00,626060.0,764807
2016-10-20 00:00:00-07:00,656027.0,802694
2016-10-21 00:00:00-07:00,650561.0,796042
2016-10-22 00:00:00-07:00,566911.0,692482
2016-10-23 00:00:00-07:00,535388.0,655751
2016-10-24 00:00:00-07:00,600643.0,737089
2016-10-25 00:00:00-07:00,598568.0,728677
2016-10-26 00:00:00-07:00,604517.0,734420
2016-10-27 00:00:00-07:00,583334.0,741048
2016-10-28 00:00:00-07:00,280227.0,748818
2016-10-29 00:00:00-07:00,20549.0,683760
2016-10-30 00:00:00-07:00,0.0,647858
2016-10-31 00:00:00-07:00,45683.0,708124
2016-11-01 00:00:00-07:00,0.0,717910
2016-11-02 00:00:00-07:00,43185.0,723032
2016-11-03 00:00:00-07:00,20181.0,740504
2016-11-04 00:00:00-07:00,380091.0,742244
2016-11-05 00:00:00-07:00,530827.0,675052
2016-11-06 00:00:00-07:00,536473.0,676269
2016-11-07 00:00:00-08:00,574339.0,737227
2016-11-08 00:00:00-08:00,629309.0,771966
2016-11-09 00:00:00-08:00,643904.0,790355
2016-11-10 00:00:00-08:00,635445.0,779437
2016-11-11 00:00:00-08:00,588103.0,747114
2016-11-12 00:00:00-08:00,557815.0,682728
2016-11-13 00:00:00-08:00,541204.0,663779
2016-11-14 00:00:00-08:00,600748.0,740115
2016-11-15 00:00:00-08:00,595692.0,729118
2016-11-16 00:00:00-08:00,583600.0,714553
2016-11-17 00:00:00-08:00,582166.0,713294
2016-11-18 00:00:00-08:00,576319.0,706564
2016-11-19 00:00:00-08:00,542257.0,663489
2016-11-20 00:00:00-08:00,532162.0,650201
2016-11-21 00:00:00-08:00,580425.0,710184
2016-11-22 00:00:00-08:00,585040.0,716167
2016-11-23 00:00:00-08:00,583254.0,713709
2016-11-24 00:00:00-08:00,523982.0,641377
2016-11-25 00:00:00-08:00,534049.0,656835
2016-11-26 00:00:00-08:00,545644.0,669390
2016-11-27 00:00:00-08:00,544294.0,665107
2016-11-28 00:00:00-08:00,597400.0,734207
2016-11-29 00:00:00-08:00,596869.0,732876
2016-11-30 00:00:00-08:00,606504.0,743961
2016-12-01 00:00:00-08:00,604842.0,742262
2016-12-02 00:00:00-08:00,602916.0,740492
2016-12-03 00:00:00-08:00,560252.0,688189
2016-12-04 00:00:00-08:00,548547.0,673531
2016-12-05 00:00:00-08:00,606996.0,745062
2016-12-06 00:00:00-08:00,615410.0,752011
2016-12-07 00:00:00-08:00,626651.0,766775
2016-12-08 00:00:00-08:00,623561.0,761697
2016-12-09 00:00:00-08:00,609368.0,743706
2016-12-10 00:00:00-08:00,573133.0,697514
2016-12-11 00:00:00-08:00,557813.0,680411
2016-12-12 00:00:00-08:00,605410.0,740279
2016-12-13 00:00:00-08:00,605566.0,740072
2016-12-14 00:00:00-08:00,608316.0,743683
2016-12-15 00:00:00-08:00,617755.0,755594
2016-12-16 00:00:00-08:00,600101.0,736448
2016-12-17 00:00:00-08:00,576028.0,707756
2016-12-18 00:00:00-08:00,570667.0,702442
2016-12-19 00:00:00-08:00,621219.0,766224
2016-12-20 00:00:00-08:00,626515.0,768957
2016-12-21 00:00:00-08:00,622206.0,759568
2016-12-22 00:00:00-08:00,615860.0,752505
2016-12-23 00:00:00-08:00,605518.0,741624
2016-12-24 00:00:00-08:00,556834.0,685131
2016-12-25 00:00:00-08:00,545347.0,670864
2016-12-26 00:00:00-08:00,571547.0,705485
2016-12-27 00:00:00-08:00,597936.0,737719
2016-12-28 00:00:00-08:00,596501.0,732711
2016-12-29 00:00:00-08:00,589581.0,724055
2016-12-30 00:00:00-08:00,584948.0,717514
2016-12-31 00:00:00-08:00,558859.0,685786
2017-01-01 00:00:00-08:00,538728.0,659836
2017-01-02 00:00:00-08:00,569308.0,699639
2017-01-03 00:00:00-08:00,615296.0,754108
2017-01-04 00:00:00-08:00,608978.0,744807
2017-01-05 00:00:00-08:00,603697.0,738782
2017-01-06 00:00:00-08:00,608723.0,745289
2017-01-07 00:00:00-08:00,579298.0,706168
2017-01-08 00:00:00-08:00,545900.0,665730
2017-01-09 00:00:00-08:00,599482.0,734685
2017-01-10 00:00:00-08:00,617968.0,756884
2017-01-11 00:00:00-08:00,607635.0,741657
2017-01-12 00:00:00-08:00,625341.0,765327
2017-01-13 00:00:00-08:00,618197.0,755976
2017-01-14 00:00:00-08:00,568388.0,694481
2017-01-15 00:00:00-08:00,560141.0,685299
2017-01-16 00:00:00-08:00,603786.0,738559
2017-01-17 00:00:00-08:00,626479.0,767123
2017-01-18 00:00:00-08:00,638660.0,782086
2017-01-19 00:00:00-08:00,619149.0,758782
2017-01-20 00:00:00-08:00,635670.0,778948
2017-01-21 00:00:00-08:00,573918.0,701390
2017-01-22 00:00:00-08:00,586796.0,718678
2017-01-23 00:00:00-08:00,628676.0,771655
2017-01-24 00:00:00-08:00,635107.0,779805
2017-01-25 00:00:00-08:00,635910.0,779253
2017-01-26 00:00:00-08:00,632947.0,774659
2017-01-27 00:00:00-08:00,621185.0,760988
2017-01-28 00:00:00-08:00,572354.0,699315
2017-01-29 00:00:00-08:00,558220.0,681517
2017-01-30 00:00:00-08:00,607532.0,743535
2017-01-31 00:00:00-08:00,611490.0,746531
2017-02-01 00:00:00-08:00,617004.0,752139
2017-02-02 00:00:00-08:00,614126.0,748403
2017-02-03 00:00:00-08:00,606015.0,739611
2017-02-04 00:00:00-08:00,551856.0,671902
2017-02-05 00:00:00-08:00,555305.0,676394
2017-02-06 00:00:00-08:00,617377.0,755114
2017-02-07 00:00:00-08:00,617528.0,752596
2017-02-08 00:00:00-08:00,615694.0,749052
2017-02-09 00:00:00-08:00,613303.0,747083
2017-02-10 00:00:00-08:00,604449.0,737284
2017-02-11 00:00:00-08:00,550568.0,671478
2017-02-12 00:00:00-08:00,530905.0,647969
2017-02-13 00:00:00-08:00,589665.0,720449
2017-02-14 00:00:00-08:00,581883.0,710990
2017-02-15 00:00:00-08:00,585782.0,716596
2017-02-16 00:00:00-08:00,583086.0,713083
2017-02-17 00:00:00-08:00,596889.0,734137
2017-02-18 00:00:00-08:00,530789.0,653173
2017-02-19 00:00:00-08:00,512951.0,633328
2017-02-20 00:00:00-08:00,562344.0,695363
2017-02-21 00:00:00-08:00,576468.0,710859
2017-02-22 00:00:00-08:00,576294.0,709458
2017-02-23 00:00:00-08:00,587061.0,723194
2017-02-24 00:00:00-08:00,584671.0,720555
2017-02-25 00:00:00-08:00,544246.0,669029
2017-02-26 00:00:00-08:00,524806.0,648217
2017-02-27 00:00:00-08:00,591800.0,730179
2017-02-28 00:00:00-08:00,576372.0,710889
2017-03-01 00:00:00-08:00,577311.0,711827
2017-03-02 00:00:00-08:00,572082.0,705075
2017-03-03 00:00:00-08:00,563515.0,695146
2017-03-04 00:00:00-08:00,519000.0,638589
2017-03-05 00:00:00-08:00,514145.0,634996
2017-03-06 00:00:00-08:00,573265.0,708774
2017-03-07 00:00:00-08:00,576710.0,709830
2017-03-08 00:00:00-08:00,569668.0,703248
2017-03-09 00:00:00-08:00,573430.0,708947
2017-03-10 00:00:00-08:00,575358.0,710741
2017-03-11 00:00:00-08:00,527485.0,650137
2017-03-12 00:00:00-08:00,485465.0,594251
2017-03-13 00:00:00-07:00,579172.0,717189
2017-03-14 00:00:00-07:00,593057.0,732988
2017-03-15 00:00:00-07:00,583493.0,724973
2017-03-16 00:00:00-07:00,588731.0,728083
2017-03-17 00:00:00-07:00,579949.0,717268
2017-03-18 00:00:00-07:00,534181.0,657359
2017-03-19 00:00:00-07:00,512592.0,632559
2017-03-20 00:00:00-07:00,574945.0,708151
2017-03-21 00:00:00-07:00,579856.0,712779
2017-03-22 00:00:00-07:00,575473.0,706348
2017-03-23 00:00:00-07:00,563148.0,692306
2017-03-24 00:00:00-07:00,575089.0,705595
2017-03-25 00:00:00-07:00,516789.0,634852
2017-03-26 00:00:00-07:00,504147.0,619344
2017-03-27 00:00:00-07:00,549633.0,678546
2017-03-28 00:00:00-07:00,558493.0,688258
2017-03-29 00:00:00-07:00,566367.0,699553
2017-03-30 00:00:00-07:00,555718.0,687469
2017-03-31 00:00:00-07:00,550147.0,676500
2017-04-01 00:00:00-07:00,510424.0,629529
2017-04-02 00:00:00-07:00,497398.0,615065
2017-04-03 00:00:00-07:00,552764.0,682034
2017-04-04 00:00:00-07:00,566382.0,697338
2017-04-05 00:00:00-07:00,561392.0,720074
2017-04-06 00:00:00-07:00,587654.0,722285
2017-04-07 00:00:00-07:00,570424.0,699962
2017-04-08 00:00:00-07:00,518371.0,637303
2017-04-09 00:00:00-07:00,492294.0,605744
2017-04-10 00:00:00-07:00,554402.0,683964
2017-04-11 00:00:00-07:00,578073.0,707786
2017-04-12 00:00:00-07:00,576453.0,707284
2017-04-13 00:00:00-07:00,573069.0,701522
2017-04-14 00:00:00-07:00,548099.0,673221
2017-04-15 00:00:00-07:00,519073.0,637691
2017-04-16 00:00:00-07:00,510735.0,626866
2017-04-17 00:00:00-07:00,582870.0,718923
2017-04-18 00:00:00-07:00,590860.0,726870
2017-04-19 00:00:00-07:00,582806.0,718028
2017-04-20 00:00:00-07:00,580473.0,716793
2017-04-21 00:00:00-07:00,596615.0,739156
2017-04-22 00:00:00-07:00,570472.0,704260
2017-04-23 00:00:00-07:00,528387.0,653334
2017-04-24 00:00:00-07:00,582438.0,717617
2017-04-25 00:00:00-07:00,573905.0,707408
2017-04-26 00:00:00-07:00,587353.0,727735
2017-04-27 00:00:00-07:00,582040.0,722982
2017-04-28 00:00:00-07:00,585218.0,722055
2017-04-29 00:00:00-07:00,556826.0,684837
2017-04-30 00:00:00-07:00,538907.0,669012
2017-05-01 00:00:00-07:00,617359.0,769182
2017-05-02 00:00:00-07:00,658296.0,817831
2017-05-03 00:00:00-07:00,660760.0,853572
2017-05-04 00:00:00-07:00,678267.0,841341
2017-05-05 00:00:00-07:00,618130.0,761205
2017-05-06 00:00:00-07:00,544585.0,664840
2017-05-07 00:00:00-07:00,513510.0,629979
2017-05-08 00:00:00-07:00,557292.0,714442
2017-05-09 00:00:00-07:00,604712.0,744387
2017-05-10 00:00:00-07:00,607371.0,742049
2017-05-11 00:00:00-07:00,602251.0,738302
2017-05-12 00:00:00-07:00,587365.0,721442
2017-05-13 00:00:00-07:00,535917.0,655270
2017-05-14 00:00:00-07:00,507566.0,622423
2017-05-15 00:00:00-07:00,571398.0,701044
2017-05-16 00:00:00-07:00,563169.0,717532
2017-05-17 00:00:00-07:00,586868.0,717970
2017-05-18 00:00:00-07:00,595350.0,732608
2017-05-19 00:00:00-07:00,623999.0,771579
2017-05-20 00:00:00-07:00,617584.0,769474
2017-05-21 00:00:00-07:00,618023.0,773756
2017-05-22 00:00:00-07:00,683927.0,858296
2017-05-23 00:00:00-07:00,696889.0,872310
2017-05-24 00:00:00-07:00,652059.0,804182
2017-05-25 00:00:00-07:00,610923.0,748216
2017-05-26 00:00:00-07:00,594706.0,728070
2017-05-27 00:00:00-07:00,539816.0,663347
2017-05-28 00:00:00-07:00,539191.0,667258
2017-05-29 00:00:00-07:00,560638.0,693508
2017-05-30 00:00:00-07:00,608205.0,751432
2017-05-31 00:00:00-07:00,599887.0,740127
2017-06-01 00:00:00-07:00,619403.0,769146
2017-06-02 00:00:00-07:00,654207.0,812461
2017-06-03 00:00:00-07:00,623961.0,773038
2017-06-04 00:00:00-07:00,595431.0,737467
2017-06-05 00:00:00-07:00,656635.0,816906
2017-06-06 00:00:00-07:00,657568.0,814477
2017-06-07 00:00:00-07:00,647544.0,795074
2017-06-08 00:00:00-07:00,636082.0,779013
2017-06-09 00:00:00-07:00,625189.0,770520
2017-06-10 00:00:00-07:00,561092.0,688605
2017-06-11 00:00:00-07:00,524775.0,643649
2017-06-12 00:00:00-07:00,586016.0,722798
2017-06-13 00:00:00-07:00,615528.0,763287
2017-06-14 00:00:00-07:00,662870.0,825894
2017-06-15 00:00:00-07:00,696551.0,869684
2017-06-16 00:00:00-07:00,744700.0,934012
2017-06-17 00:00:00-07:00,725053.0,906055
2017-06-18 00:00:00-07:00,737394.0,924174
2017-06-19 00:00:00-07:00,828728.0,1039024
2017-06-20 00:00:00-07:00,836842.0,1050176
2017-06-21 00:00:00-07:00,827356.0,1039242
2017-06-22 00:00:00-07:00,815077.0,1018264
2017-06-23 00:00:00-07:00,778088.0,968995
2017-06-24 00:00:00-07:00,715919.0,882944
2017-06-25 00:00:00-07:00,711599.0,879602
2017-06-26 00:00:00-07:00,764084.0,948519
2017-06-27 00:00:00-07:00,709944.0,923508
2017-06-28 00:00:00-07:00,669686.0,873400
2017-06-29 00:00:00-07:00,693154.0,859318
2017-06-30 00:00:00-07:00,693253.0,857894
2017-07-01 00:00:00-07:00,639046.0,788295
2017-07-02 00:00:00-07:00,626248.0,777038
2017-07-03 00:00:00-07:00,686152.0,854300
2017-07-04 00:00:00-07:00,666562.0,827950
2017-07-05 00:00:00-07:00,743151.0,922120
2017-07-06 00:00:00-07:00,786724.0,981161
2017-07-07 00:00:00-07:00,849012.0,1064784
2017-07-08 00:00:00-07:00,827621.0,1029928
2017-07-09 00:00:00-07:00,776481.0,969553
2017-07-10 00:00:00-07:00,791186.0,1044874
2017-07-11 00:00:00-07:00,807606.0,1006214
2017-07-12 00:00:00-07:00,788729.0,981587
2017-07-13 00:00:00-07:00,754469.0,977487
2017-07-14 00:00:00-07:00,782188.0,972461
2017-07-15 00:00:00-07:00,755642.0,940546
2017-07-16 00:00:00-07:00,755845.0,945494
2017-07-17 00:00:00-07:00,814678.0,1017636
2017-07-18 00:00:00-07:00,778838.0,967602
2017-07-19 00:00:00-07:00,776748.0,965995
2017-07-20 00:00:00-07:00,774671.0,964272
2017-07-21 00:00:00-07:00,764866.0,951540
2017-07-22 00:00:00-07:00,744357.0,925154
2017-07-23 00:00:00-07:00,736076.0,916871
2017-07-24 00:00:00-07:00,747262.0,929312
2017-07-25 00:00:00-07:00,761159.0,941904
2017-07-26 00:00:00-07:00,785936.0,972697
2017-07-27 00:00:00-07:00,807946.0,1004775
2017-07-28 00:00:00-07:00,789058.0,980754
2017-07-29 00:00:00-07:00,727262.0,901353
2017-07-30 00:00:00-07:00,705979.0,876726
2017-07-31 00:00:00-07:00,780500.0,969164
2017-08-01 00:00:00-07:00,827833.0,1032062
2017-08-02 00:00:00-07:00,862827.0,1077504
2017-08-03 00:00:00-07:00,873538.0,1085694
2017-08-04 00:00:00-07:00,831902.0,1033027
2017-08-05 00:00:00-07:00,741555.0,917638
2017-08-06 00:00:00-07:00,697673.0,862380
2017-08-07 00:00:00-07:00,763573.0,946191
2017-08-08 00:00:00-07:00,779049.0,964790
2017-08-09 00:00:00-07:00,763732.0,945881
2017-08-10 00:00:00-07:00,772156.0,956616
2017-08-11 00:00:00-07:00,781159.0,968891
2017-08-12 00:00:00-07:00,719146.0,890300
2017-08-13 00:00:00-07:00,677836.0,838917
2017-08-14 00:00:00-07:00,710544.0,876024
2017-08-15 00:00:00-07:00,683718.0,841139
2017-08-16 00:00:00-07:00,694495.0,857818
2017-08-17 00:00:00-07:00,719045.0,890947
2017-08-18 00:00:00-07:00,733253.0,906772
2017-08-19 00:00:00-07:00,681065.0,838350
2017-08-20 00:00:00-07:00,645832.0,794180
2017-08-21 00:00:00-07:00,705030.0,867991
2017-08-22 00:00:00-07:00,733248.0,906239
2017-08-23 00:00:00-07:00,734399.0,908907
2017-08-24 00:00:00-07:00,681797.0,887336
2017-08-25 00:00:00-07:00,698422.0,900015
2017-08-26 00:00:00-07:00,743217.0,922261
2017-08-27 00:00:00-07:00,756648.0,940373
2017-08-28 00:00:00-07:00,856142.0,1070993
2017-08-29 00:00:00-07:00,874499.0,1089678
2017-08-30 00:00:00-07:00,863659.0,1077684
2017-08-31 00:00:00-07:00,881728.0,1103686
2017-09-01 00:00:00-07:00,928943.0,1160559
2017-09-02 00:00:00-07:00,896900.0,1114193
2017-09-03 00:00:00-07:00,847940.0,1047898
2017-09-04 00:00:00-07:00,768813.0,950423
2017-09-05 00:00:00-07:00,816859.0,1014106
2017-09-06 00:00:00-07:00,804058.0,995653
2017-09-07 00:00:00-07:00,759918.0,935384
2017-09-08 00:00:00-07:00,731219.0,902924
2017-09-09 00:00:00-07:00,685371.0,846428
2017-09-10 00:00:00-07:00,713892.0,887932
2017-09-11 00:00:00-07:00,805632.0,1004602
2017-09-12 00:00:00-07:00,786883.0,977844
2017-09-13 00:00:00-07:00,679908.0,876402
2017-09-14 00:00:00-07:00,655977.0,804041
2017-09-15 00:00:00-07:00,635792.0,785159
2017-09-16 00:00:00-07:00,604743.0,744328
2017-09-17 00:00:00-07:00,576738.0,710551
2017-09-18 00:00:00-07:00,643613.0,794367
2017-09-19 00:00:00-07:00,638831.0,784148
2017-09-20 00:00:00-07:00,638487.0,783052
2017-09-21 00:00:00-07:00,617133.0,754239
2017-09-22 00:00:00-07:00,594929.0,727438
2017-09-23 00:00:00-07:00,549940.0,671678
2017-09-24 00:00:00-07:00,545750.0,667850
2017-09-25 00:00:00-07:00,627063.0,771572
2017-09-26 00:00:00-07:00,654941.0,805974
2017-09-27 00:00:00-07:00,677152.0,832226
2017-09-28 00:00:00-07:00,675970.0,834519
2017-09-29 00:00:00-07:00,671876.0,828639
2017-09-30 00:00:00-07:00,604453.0,743873
2017-10-01 00:00:00-07:00,564345.0,693859
2017-10-02 00:00:00-07:00,622415.0,763846
2017-10-03 00:00:00-07:00,613476.0,749397
2017-10-04 00:00:00-07:00,612028.0,749193
2017-10-05 00:00:00-07:00,620738.0,760450
2017-10-06 00:00:00-07:00,641097.0,787404
2017-10-07 00:00:00-07:00,605692.0,744101
2017-10-08 00:00:00-07:00,555248.0,679984
2017-10-09 00:00:00-07:00,615272.0,756133
2017-10-10 00:00:00-07:00,622315.0,762085
2017-10-11 00:00:00-07:00,609293.0,746067
2017-10-12 00:00:00-07:00,608922.0,744262
2017-10-13 00:00:00-07:00,606017.0,740837
2017-10-14 00:00:00-07:00,565592.0,690448
2017-10-15 00:00:00-07:00,562693.0,688986
2017-10-16 00:00:00-07:00,650566.0,798365
2017-10-17 00:00:00-07:00,658138.0,808305
2017-10-18 00:00:00-07:00,653364.0,801672
2017-10-19 00:00:00-07:00,629310.0,769962
2017-10-20 00:00:00-07:00,603703.0,737272
2017-10-21 00:00:00-07:00,546925.0,667402
2017-10-22 00:00:00-07:00,551430.0,676519
2017-10-23 00:00:00-07:00,679496.0,840437
2017-10-24 00:00:00-07:00,742981.0,918403
2017-10-25 00:00:00-07:00,727960.0,893366
2017-10-26 00:00:00-07:00,680359.0,833533
2017-10-27 00:00:00-07:00,652826.0,798780
2017-10-28 00:00:00-07:00,582942.0,712122
2017-10-29 00:00:00-07:00,539140.0,659838
2017-10-30 00:00:00-07:00,592140.0,723452
2017-10-31 00:00:00-07:00,588824.0,717493
2017-11-01 00:00:00-07:00,589938.0,718841
2017-11-02 00:00:00-07:00,593968.0,722507
2017-11-03 00:00:00-07:00,580999.0,707958
2017-11-04 00:00:00-07:00,22556.0,649411
2017-11-05 00:00:00-07:00,498607.0,607290
2017-11-06 00:00:00-08:00,578859.0,706395
2017-11-07 00:00:00-08:00,590841.0,720324
2017-11-08 00:00:00-08:00,604852.0,735064
2017-11-09 00:00:00-08:00,599814.0,728350
2017-11-10 00:00:00-08:00,581230.0,705562
2017-11-11 00:00:00-08:00,532168.0,648515
2017-11-12 00:00:00-08:00,525407.0,638684
2017-11-13 00:00:00-08:00,584539.0,709735
2017-11-14 00:00:00-08:00,588718.0,715234
2017-11-15 00:00:00-08:00,601736.0,730314
2017-11-16 00:00:00-08:00,608861.0,738687
2017-11-17 00:00:00-08:00,598882.0,728324
2017-11-18 00:00:00-08:00,556554.0,675556
2017-11-19 00:00:00-08:00,535676.0,650743
2017-11-20 00:00:00-08:00,589975.0,718088
2017-11-21 00:00:00-08:00,603316.0,734685
2017-11-22 00:00:00-08:00,618098.0,755494
2017-11-23 00:00:00-08:00,565421.0,691884
2017-11-24 00:00:00-08:00,557324.0,681051
2017-11-25 00:00:00-08:00,548642.0,669905
2017-11-26 00:00:00-08:00,543014.0,661267
2017-11-27 00:00:00-08:00,591013.0,719456
2017-11-28 00:00:00-08:00,605294.0,736449
2017-11-29 00:00:00-08:00,613384.0,745917
2017-11-30 00:00:00-08:00,610692.0,743048
2017-12-01 00:00:00-08:00,609185.0,741070
2017-12-02 00:00:00-08:00,569240.0,692681
2017-12-03 00:00:00-08:00,548555.0,667839
2017-12-04 00:00:00-08:00,610030.0,743986
2017-12-05 00:00:00-08:00,612989.0,748011
2017-12-06 00:00:00-08:00,620753.0,757067
2017-12-07 00:00:00-08:00,622401.0,758945
2017-12-08 00:00:00-08:00,614252.0,750104
2017-12-09 00:00:00-08:00,578291.0,705809
2017-12-10 00:00:00-08:00,562284.0,686409
2017-12-11 00:00:00-08:00,618826.0,755075
2017-12-12 00:00:00-08:00,623297.0,761011
2017-12-13 00:00:00-08:00,626201.0,764254
2017-12-14 00:00:00-08:00,620514.0,757772
2017-12-15 00:00:00-08:00,619348.0,755480
2017-12-16 00:00:00-08:00,568189.0,691805
2017-12-17 00:00:00-08:00,554116.0,674341
2017-12-18 00:00:00-08:00,613549.0,744295
2017-12-19 00:00:00-08:00,621805.0,755848
2017-12-20 00:00:00-08:00,618119.0,754239
2017-12-21 00:00:00-08:00,625511.0,765071
2017-12-22 00:00:00-08:00,625020.0,763339
2017-12-23 00:00:00-08:00,577103.0,705405
2017-12-24 00:00:00-08:00,549751.0,671887
2017-12-25 00:00:00-08:00,535132.0,652492
2017-12-26 00:00:00-08:00,574159.0,703035
2017-12-27 00:00:00-08:00,592226.0,724214
2017-12-28 00:00:00-08:00,591634.0,722965
2017-12-29 00:00:00-08:00,588456.0,717903
2017-12-30 00:00:00-08:00,553372.0,674835
2017-12-31 00:00:00-08:00,536716.0,655346
2018-01-01 00:00:00-08:00,519816.0,638880
2018-01-02 00:00:00-08:00,574949.0,703803
2018-01-03 00:00:00-08:00,595318.0,727216
2018-01-04 00:00:00-08:00,583949.0,714305
2018-01-05 00:00:00-08:00,581762.0,712021
2018-01-06 00:00:00-08:00,548087.0,668299
2018-01-07 00:00:00-08:00,537138.0,655802
2018-01-08 00:00:00-08:00,597314.0,731682
2018-01-09 00:00:00-08:00,592975.0,729019
2018-01-10 00:00:00-08:00,589631.0,723629
2018-01-11 00:00:00-08:00,582477.0,713972
2018-01-12 00:00:00-08:00,576341.0,713320
2018-01-13 00:00:00-08:00,544683.0,667691
2018-01-14 00:00:00-08:00,523652.0,642080
2018-01-15 00:00:00-08:00,574442.0,703473
2018-01-16 00:00:00-08:00,581221.0,713050
2018-01-17 00:00:00-08:00,582434.0,715733
2018-01-18 00:00:00-08:00,584814.0,718298
2018-01-19 00:00:00-08:00,582153.0,712862
2018-01-20 00:00:00-08:00,546069.0,669421
2018-01-21 00:00:00-08:00,541636.0,665340
2018-01-22 00:00:00-08:00,593019.0,727071
2018-01-23 00:00:00-08:00,591054.0,722833
2018-01-24 00:00:00-08:00,595435.0,728743
2018-01-25 00:00:00-08:00,599177.0,732552
2018-01-26 00:00:00-08:00,565376.0,724632
2018-01-27 00:00:00-08:00,542277.0,666415
2018-01-28 00:00:00-08:00,527337.0,647844
2018-01-29 00:00:00-08:00,592046.0,725483
2018-01-30 00:00:00-08:00,588120.0,720384
2018-01-31 00:00:00-08:00,586690.0,717446
2018-02-01 00:00:00-08:00,583025.0,712915
2018-02-02 00:00:00-08:00,584993.0,714854
2018-02-03 00:00:00-08:00,529813.0,650442
2018-02-04 00:00:00-08:00,517322.0,634808
2018-02-05 00:00:00-08:00,560488.0,689896
2018-02-06 00:00:00-08:00,565618.0,694947
2018-02-07 00:00:00-08:00,582799.0,713295
2018-02-08 00:00:00-08:00,581564.0,713107
2018-02-09 00:00:00-08:00,571278.0,696279
2018-02-10 00:00:00-08:00,526363.0,643928
2018-02-11 00:00:00-08:00,510152.0,625777
2018-02-12 00:00:00-08:00,569051.0,695828
2018-02-13 00:00:00-08:00,581398.0,709910
2018-02-14 00:00:00-08:00,589171.0,719417
2018-02-15 00:00:00-08:00,580647.0,709080
2018-02-16 00:00:00-08:00,569118.0,697198
2018-02-17 00:00:00-08:00,517512.0,633794
2018-02-18 00:00:00-08:00,494224.0,605668
2018-02-19 00:00:00-08:00,563845.0,689134
2018-02-20 00:00:00-08:00,614260.0,749864
2018-02-21 00:00:00-08:00,613055.0,745019
2018-02-22 00:00:00-08:00,620573.0,756429
2018-02-23 00:00:00-08:00,605728.0,742589
2018-02-24 00:00:00-08:00,566538.0,693655
2018-02-25 00:00:00-08:00,532241.0,651686
2018-02-26 00:00:00-08:00,590677.0,722322
2018-02-27 00:00:00-08:00,595868.0,730788
2018-02-28 00:00:00-08:00,597051.0,731242
2018-03-01 00:00:00-08:00,589763.0,723625
2018-03-02 00:00:00-08:00,583717.0,719272
2018-03-03 00:00:00-08:00,537472.0,662714
2018-03-04 00:00:00-08:00,514885.0,634640
2018-03-05 00:00:00-08:00,569279.0,699276
2018-03-06 00:00:00-08:00,568072.0,696822
2018-03-07 00:00:00-08:00,569822.0,698408
2018-03-08 00:00:00-08:00,566033.0,693219
2018-03-09 00:00:00-08:00,560902.0,686658
2018-03-10 00:00:00-08:00,532210.0,653165
2018-03-11 00:00:00-08:00,21226.0,613570
2018-03-12 00:00:00-07:00,546130.0,695344
2018-03-13 00:00:00-07:00,558508.0,711543
2018-03-14 00:00:00-07:00,578122.0,705440
2018-03-15 00:00:00-07:00,578485.0,707078
2018-03-16 00:00:00-07:00,580146.0,708738
2018-03-17 00:00:00-07:00,530722.0,649727
2018-03-18 00:00:00-07:00,513071.0,629843
2018-03-19 00:00:00-07:00,560439.0,686497
2018-03-20 00:00:00-07:00,579885.0,708002
2018-03-21 00:00:00-07:00,581081.0,711891
2018-03-22 00:00:00-07:00,579552.0,709650
2018-03-23 00:00:00-07:00,557115.0,682403
2018-03-24 00:00:00-07:00,508609.0,623518
2018-03-25 00:00:00-07:00,496539.0,607092
2018-03-26 00:00:00-07:00,561448.0,685096
2018-03-27 00:00:00-07:00,567364.0,691682
2018-03-28 00:00:00-07:00,568194.0,694079
2018-03-29 00:00:00-07:00,570487.0,697303
2018-03-30 00:00:00-07:00,568856.0,695075
2018-03-31 00:00:00-07:00,519042.0,635133
2018-04-01 00:00:00-07:00,483540.0,592801
2018-04-02 00:00:00-07:00,554992.0,677438
2018-04-03 00:00:00-07:00,563412.0,687543
2018-04-04 00:00:00-07:00,576031.0,700384
2018-04-05 00:00:00-07:00,577118.0,698144
2018-04-06 00:00:00-07:00,574809.0,697513
2018-04-07 00:00:00-07:00,526514.0,638872
2018-04-08 00:00:00-07:00,503518.0,615712
2018-04-09 00:00:00-07:00,594423.0,728127
2018-04-10 00:00:00-07:00,607680.0,745158
2018-04-11 00:00:00-07:00,586880.0,718993
2018-04-12 00:00:00-07:00,564557.0,685873
2018-04-13 00:00:00-07:00,561268.0,684299
2018-04-14 00:00:00-07:00,525763.0,643093
2018-04-15 00:00:00-07:00,495273.0,607052
2018-04-16 00:00:00-07:00,551003.0,674390
2018-04-17 00:00:00-07:00,547797.0,671310
2018-04-18 00:00:00-07:00,561601.0,682121
2018-04-19 00:00:00-07:00,554665.0,677386
2018-04-20 00:00:00-07:00,546632.0,670180
2018-04-21 00:00:00-07:00,516652.0,638842
2018-04-22 00:00:00-07:00,511540.0,635894
2018-04-23 00:00:00-07:00,585466.0,716901
2018-04-24 00:00:00-07:00,585519.0,722540
2018-04-25 00:00:00-07:00,586108.0,718902
2018-04-26 00:00:00-07:00,577984.0,708439
2018-04-27 00:00:00-07:00,563948.0,691121
2018-04-28 00:00:00-07:00,513501.0,629641
2018-04-29 00:00:00-07:00,503419.0,615304
2018-04-30 00:00:00-07:00,566176.0,689114
2018-05-01 00:00:00-07:00,579678.0,699369
2018-05-02 00:00:00-07:00,582044.0,700590
2018-05-03 00:00:00-07:00,574545.0,701130
2018-05-04 00:00:00-07:00,607545.0,744927
2018-05-05 00:00:00-07:00,575558.0,707396
2018-05-06 00:00:00-07:00,543897.0,669282
2018-05-07 00:00:00-07:00,602152.0,740866
2018-05-08 00:00:00-07:00,618231.0,760731
2018-05-09 00:00:00-07:00,622495.0,764691
2018-05-10 00:00:00-07:00,617700.0,758917
2018-05-11 00:00:00-07:00,596629.0,727898
2018-05-12 00:00:00-07:00,552474.0,672246
2018-05-13 00:00:00-07:00,513873.0,627025
2018-05-14 00:00:00-07:00,570959.0,697316
2018-05-15 00:00:00-07:00,579193.0,707603
2018-05-16 00:00:00-07:00,587184.0,716445
2018-05-17 00:00:00-07:00,585197.0,715743
2018-05-18 00:00:00-07:00,585561.0,715433
2018-05-19 00:00:00-07:00,547496.0,667504
2018-05-20 00:00:00-07:00,526531.0,642446
2018-05-21 00:00:00-07:00,576400.0,706520
2018-05-22 00:00:00-07:00,587816.0,718983
2018-05-23 00:00:00-07:00,593038.0,724311
2018-05-24 00:00:00-07:00,598080.0,730140
2018-05-25 00:00:00-07:00,584675.0,712000
2018-05-26 00:00:00-07:00,527035.0,641738
2018-05-27 00:00:00-07:00,507074.0,623911
2018-05-28 00:00:00-07:00,561501.0,696041
2018-05-29 00:00:00-07:00,652723.0,808150
2018-05-30 00:00:00-07:00,617746.0,753915
2018-05-31 00:00:00-07:00,589850.0,720921
2018-06-01 00:00:00-07:00,594010.0,730166
2018-06-02 00:00:00-07:00,603864.0,746082
2018-06-03 00:00:00-07:00,617397.0,768473
2018-06-04 00:00:00-07:00,663648.0,812925
2018-06-05 00:00:00-07:00,630913.0,769496
2018-06-06 00:00:00-07:00,621955.0,755815
2018-06-07 00:00:00-07:00,622272.0,763633
2018-06-08 00:00:00-07:00,640185.0,789971
2018-06-09 00:00:00-07:00,597242.0,735297
2018-06-10 00:00:00-07:00,563404.0,693646
2018-06-11 00:00:00-07:00,651102.0,806566
2018-06-12 00:00:00-07:00,695915.0,865557
2018-06-13 00:00:00-07:00,712690.0,887293
2018-06-14 00:00:00-07:00,699646.0,858185
2018-06-15 00:00:00-07:00,665328.0,811039
2018-06-16 00:00:00-07:00,576345.0,699297
2018-06-17 00:00:00-07:00,527244.0,647214
2018-06-18 00:00:00-07:00,606795.0,679222
2018-06-19 00:00:00-07:00,653173.0,730285
2018-06-20 00:00:00-07:00,677839.0,754323
2018-06-21 00:00:00-07:00,681126.0,758454
2018-06-22 00:00:00-07:00,707792.0,794757
2018-06-23 00:00:00-07:00,671339.0,757177
2018-06-24 00:00:00-07:00,622702.0,703534
2018-06-25 00:00:00-07:00,670960.0,746819
2018-06-26 00:00:00-07:00,689380.0,770050
2018-06-27 00:00:00-07:00,681550.0,758316
2018-06-28 00:00:00-07:00,664589.0,740283
2018-06-29 00:00:00-07:00,298722.0,757720
2018-06-30 00:00:00-07:00,624632.0,728027
2018-07-01 00:00:00-07:00,637703.0,652942
2018-07-02 00:00:00-07:00,685741.0,699947
2018-07-03 00:00:00-07:00,672456.0,686395
2018-07-04 00:00:00-07:00,610222.0,623766
2018-07-05 00:00:00-07:00,702478.0,717771
2018-07-06 00:00:00-07:00,820851.0,837912
2018-07-07 00:00:00-07:00,816024.0,833407
2018-07-08 00:00:00-07:00,769635.0,786341
2018-07-09 00:00:00-07:00,815747.0,832040
2018-07-10 00:00:00-07:00,814214.0,938630
2018-07-11 00:00:00-07:00,804814.0,992642
2018-07-12 00:00:00-07:00,813880.0,1003114
2018-07-13 00:00:00-07:00,812990.0,998504
2018-07-14 00:00:00-07:00,762138.0,936740
2018-07-15 00:00:00-07:00,729288.0,900491
2018-07-16 00:00:00-07:00,788134.0,971495
2018-07-17 00:00:00-07:00,795028.0,980339
2018-07-18 00:00:00-07:00,798553.0,987092
2018-07-19 00:00:00-07:00,813864.0,1005673
2018-07-20 00:00:00-07:00,764540.0,983672
2018-07-21 00:00:00-07:00,754148.0,925981
2018-07-22 00:00:00-07:00,740692.0,911616
2018-07-23 00:00:00-07:00,847651.0,1048817
2018-07-24 00:00:00-07:00,871806.0,1081553
2018-07-25 00:00:00-07:00,871330.0,1082628
2018-07-26 00:00:00-07:00,847950.0,1051667
2018-07-27 00:00:00-07:00,823360.0,1014227
2018-07-28 00:00:00-07:00,762494.0,936747
2018-07-29 00:00:00-07:00,745846.0,910634
2018-07-30 00:00:00-07:00,823790.0,1009571
2018-07-31 00:00:00-07:00,834769.0,1027484
2018-08-01 00:00:00-07:00,838616.0,1030814
2018-08-02 00:00:00-07:00,823748.0,1014904
2018-08-03 00:00:00-07:00,820380.0,1010605
2018-08-04 00:00:00-07:00,765058.0,944094
2018-08-05 00:00:00-07:00,726674.0,893747
2018-08-06 00:00:00-07:00,813993.0,1000775
2018-08-07 00:00:00-07:00,830538.0,1025538
2018-08-08 00:00:00-07:00,829358.0,1023494
2018-08-09 00:00:00-07:00,849932.0,1047340
2018-08-10 00:00:00-07:00,840414.0,1037133
2018-08-11 00:00:00-07:00,780825.0,966065
2018-08-12 00:00:00-07:00,751357.0,925386
2018-08-13 00:00:00-07:00,773741.0,951098
2018-08-14 00:00:00-07:00,762194.0,934044
2018-08-15 00:00:00-07:00,777448.0,950344
2018-08-16 00:00:00-07:00,795217.0,977714
2018-08-17 00:00:00-07:00,812496.0,1002671
2018-08-18 00:00:00-07:00,769613.0,945141
2018-08-19 00:00:00-07:00,732659.0,904267
2018-08-20 00:00:00-07:00,773788.0,952205
2018-08-21 00:00:00-07:00,755875.0,925179
2018-08-22 00:00:00-07:00,755030.0,924035
2018-08-23 00:00:00-07:00,741774.0,907574
2018-08-24 00:00:00-07:00,710824.0,869107
2018-08-25 00:00:00-07:00,660941.0,808893
2018-08-26 00:00:00-07:00,636374.0,779915
2018-08-27 00:00:00-07:00,685980.0,838621
2018-08-28 00:00:00-07:00,691897.0,842081
2018-08-29 00:00:00-07:00,713965.0,870741
2018-08-30 00:00:00-07:00,708587.0,865388
2018-08-31 00:00:00-07:00,697731.0,853980
2018-09-01 00:00:00-07:00,642471.0,788002
2018-09-02 00:00:00-07:00,621087.0,763360
2018-09-03 00:00:00-07:00,643667.0,789152
2018-09-04 00:00:00-07:00,704183.0,860619
2018-09-05 00:00:00-07:00,706303.0,859260
2018-09-06 00:00:00-07:00,703458.0,856053
2018-09-07 00:00:00-07:00,724485.0,887884
2018-09-08 00:00:00-07:00,706723.0,869479
2018-09-09 00:00:00-07:00,673971.0,829499
2018-09-10 00:00:00-07:00,712013.0,876916
2018-09-11 00:00:00-07:00,691715.0,851333
2018-09-12 00:00:00-07:00,674514.0,825192
2018-09-13 00:00:00-07:00,670312.0,821722
2018-09-14 00:00:00-07:00,677630.0,830527
2018-09-15 00:00:00-07:00,630847.0,770998
2018-09-16 00:00:00-07:00,607466.0,743955
2018-09-17 00:00:00-07:00,658208.0,805017
2018-09-18 00:00:00-07:00,654599.0,799850
2018-09-19 00:00:00-07:00,656707.0,801119
2018-09-20 00:00:00-07:00,673695.0,822382
2018-09-21 00:00:00-07:00,683292.0,836992
2018-09-22 00:00:00-07:00,645671.0,791097
2018-09-23 00:00:00-07:00,613980.0,752900
2018-09-24 00:00:00-07:00,655443.0,801312
2018-09-25 00:00:00-07:00,650088.0,793562
2018-09-26 00:00:00-07:00,678566.0,830100
2018-09-27 00:00:00-07:00,695370.0,846419
2018-09-28 00:00:00-07:00,674965.0,822203
2018-09-29 00:00:00-07:00,605906.0,736713
2018-09-30 00:00:00-07:00,594452.0,724107
2018-10-01 00:00:00-07:00,687785.0,838018
2018-10-02 00:00:00-07:00,672641.0,823297
2018-10-03 00:00:00-07:00,654742.0,796432
2018-10-04 00:00:00-07:00,632971.0,770429
2018-10-05 00:00:00-07:00,615333.0,747929
2018-10-06 00:00:00-07:00,562263.0,682587
2018-10-07 00:00:00-07:00,542611.0,655927
2018-10-08 00:00:00-07:00,611112.0,736660
2018-10-09 00:00:00-07:00,613277.0,741777
2018-10-10 00:00:00-07:00,599032.0,723309
2018-10-11 00:00:00-07:00,598200.0,720965
2018-10-12 00:00:00-07:00,602801.0,729000
2018-10-13 00:00:00-07:00,548065.0,662610
2018-10-14 00:00:00-07:00,520296.0,630122
2018-10-15 00:00:00-07:00,572123.0,698955
2018-10-16 00:00:00-07:00,579608.0,707860
2018-10-17 00:00:00-07:00,586783.0,716146
2018-10-18 00:00:00-07:00,595557.0,727004
2018-10-19 00:00:00-07:00,603301.0,738174
2018-10-20 00:00:00-07:00,560611.0,687223
2018-10-21 00:00:00-07:00,540167.0,661121
2018-10-22 00:00:00-07:00,586018.0,718609
2018-10-23 00:00:00-07:00,597625.0,729824
2018-10-24 00:00:00-07:00,603380.0,736957
2018-10-25 00:00:00-07:00,613268.0,747680
2018-10-26 00:00:00-07:00,611086.0,746522
2018-10-27 00:00:00-07:00,573402.0,699014
2018-10-28 00:00:00-07:00,542574.0,661653
2018-10-29 00:00:00-07:00,592031.0,720653
2018-10-30 00:00:00-07:00,593219.0,721670
2018-10-31 00:00:00-07:00,590556.0,717418
2018-11-01 00:00:00-07:00,601141.0,729567
2018-11-02 00:00:00-07:00,609186.0,741473
2018-11-03 00:00:00-07:00,561716.0,681749
2018-11-04 00:00:00-07:00,65209.0,631196
2018-11-05 00:00:00-08:00,564546.0,713339
2018-11-06 00:00:00-08:00,581611.0,712147
2018-11-07 00:00:00-08:00,583818.0,711934
2018-11-08 00:00:00-08:00,553718.0,704531
2018-11-09 00:00:00-08:00,575543.0,701145
2018-11-10 00:00:00-08:00,543424.0,659937
2018-11-11 00:00:00-08:00,522014.0,634893
2018-11-12 00:00:00-08:00,574396.0,698140
2018-11-13 00:00:00-08:00,591213.0,718464
2018-11-14 00:00:00-08:00,597431.0,726726
2018-11-15 00:00:00-08:00,592137.0,721079
2018-11-16 00:00:00-08:00,593150.0,722067
2018-11-17 00:00:00-08:00,549776.0,669289
2018-11-18 00:00:00-08:00,530799.0,646037
2018-11-19 00:00:00-08:00,592316.0,719514
2018-11-20 00:00:00-08:00,589461.0,716720
2018-11-21 00:00:00-08:00,589823.0,717077
2018-11-22 00:00:00-08:00,510633.0,623041
2018-11-23 00:00:00-08:00,525474.0,641453
2018-11-24 00:00:00-08:00,519244.0,633950
2018-11-25 00:00:00-08:00,512124.0,624296
2018-11-26 00:00:00-08:00,575609.0,701216
2018-11-27 00:00:00-08:00,585349.0,713632
2018-11-28 00:00:00-08:00,586527.0,714163
2018-11-29 00:00:00-08:00,592788.0,722468
2018-11-30 00:00:00-08:00,579636.0,705916
2018-12-01 00:00:00-08:00,549600.0,669653
2018-12-02 00:00:00-08:00,535393.0,593621
2018-12-03 00:00:00-08:00,588151.0,715710
2018-12-04 00:00:00-08:00,603438.0,734531
2018-12-05 00:00:00-08:00,614440.0,748553
2018-12-06 00:00:00-08:00,612486.0,748114
2018-12-07 00:00:00-08:00,588650.0,720642
2018-12-08 00:00:00-08:00,547350.0,669851
2018-12-09 00:00:00-08:00,541136.0,661884
2018-12-10 00:00:00-08:00,601367.0,731983
2018-12-11 00:00:00-08:00,597320.0,729154
2018-12-12 00:00:00-08:00,595143.0,726918
2018-12-13 00:00:00-08:00,593450.0,725946
2018-12-14 00:00:00-08:00,600735.0,733781
2018-12-15 00:00:00-08:00,542775.0,664642
2018-12-16 00:00:00-08:00,537470.0,658493
2018-12-17 00:00:00-08:00,574853.0,701889
2018-12-18 00:00:00-08:00,579034.0,709303
2018-12-19 00:00:00-08:00,586363.0,717241
2018-12-20 00:00:00-08:00,590419.0,721518
2018-12-21 00:00:00-08:00,582764.0,711871
2018-12-22 00:00:00-08:00,541576.0,663004
2018-12-23 00:00:00-08:00,484675.0,643866
2018-12-24 00:00:00-08:00,530602.0,651954
2018-12-25 00:00:00-08:00,497099.0,608741
2018-12-26 00:00:00-08:00,552106.0,676791
2018-12-27 00:00:00-08:00,568510.0,695516
2018-12-28 00:00:00-08:00,575269.0,704328
2018-12-29 00:00:00-08:00,550224.0,674228
2018-12-30 00:00:00-08:00,534610.0,655162
2018-12-31 00:00:00-08:00,559409.0,685876
2019-01-01 00:00:00-08:00,524361.0,647244
2019-01-02 00:00:00-08:00,575888.0,711568
2019-01-03 00:00:00-08:00,587285.0,724425
2019-01-04 00:00:00-08:00,578666.0,715895
2019-01-05 00:00:00-08:00,575133.0,707252
2019-01-06 00:00:00-08:00,540904.0,663713
2019-01-07 00:00:00-08:00,553838.0,686326
2019-01-08 00:00:00-08:00,572701.0,705392
2019-01-09 00:00:00-08:00,574168.0,704734
2019-01-10 00:00:00-08:00,560758.0,691260
2019-01-11 00:00:00-08:00,573674.0,704995
2019-01-12 00:00:00-08:00,530978.0,653892
2019-01-13 00:00:00-08:00,520148.0,640026
2019-01-14 00:00:00-08:00,593937.0,732638
2019-01-15 00:00:00-08:00,599154.0,738331
2019-01-16 00:00:00-08:00,577553.0,714589
2019-01-17 00:00:00-08:00,566825.0,704412
2019-01-18 00:00:00-08:00,517847.0,647411
2019-01-19 00:00:00-08:00,482757.0,600619
2019-01-20 00:00:00-08:00,467069.0,583217
2019-01-21 00:00:00-08:00,500129.0,631732
2019-01-22 00:00:00-08:00,549242.0,681432
2019-01-23 00:00:00-08:00,547150.0,679314
2019-01-24 00:00:00-08:00,542462.0,672796
2019-01-25 00:00:00-08:00,539557.0,668034
2019-01-26 00:00:00-08:00,484196.0,602949
2019-01-27 00:00:00-08:00,462103.0,577386
2019-01-28 00:00:00-08:00,545276.0,671482
2019-01-29 00:00:00-08:00,577389.0,696027
2019-01-30 00:00:00-08:00,574164.0,699056
2019-01-31 00:00:00-08:00,581933.0,710023
2019-02-01 00:00:00-08:00,565516.0,691635
2019-02-02 00:00:00-08:00,532860.0,674269
2019-02-03 00:00:00-08:00,520772.0,641439
2019-02-04 00:00:00-08:00,578506.0,708588
2019-02-05 00:00:00-08:00,530978.0,664223
2019-02-06 00:00:00-08:00,491921.0,652720
2019-02-07 00:00:00-08:00,525482.0,663776
2019-02-08 00:00:00-08:00,568938.0,704501
2019-02-09 00:00:00-08:00,518477.0,642786
2019-02-10 00:00:00-08:00,480671.0,603065
2019-02-11 00:00:00-08:00,528685.0,663723
2019-02-12 00:00:00-08:00,549856.0,687771
2019-02-13 00:00:00-08:00,545286.0,682159
2019-02-14 00:00:00-08:00,524910.0,658660
2019-02-15 00:00:00-08:00,533686.0,666152
2019-02-16 00:00:00-08:00,514087.0,635849
2019-02-17 00:00:00-08:00,510984.0,632726
2019-02-18 00:00:00-08:00,533201.0,664452
2019-02-19 00:00:00-08:00,538467.0,674186
2019-02-20 00:00:00-08:00,585598.0,723673
2019-02-21 00:00:00-08:00,588847.0,727074
2019-02-22 00:00:00-08:00,571636.0,708239
2019-02-23 00:00:00-08:00,525455.0,652354
2019-02-24 00:00:00-08:00,472100.0,589669
2019-02-25 00:00:00-08:00,530583.0,659282
2019-02-26 00:00:00-08:00,488840.0,620190
2019-02-27 00:00:00-08:00,467139.0,595974
2019-02-28 00:00:00-08:00,462793.0,590920
2019-03-01 00:00:00-08:00,457745.0,582575
2019-03-02 00:00:00-08:00,448557.0,570552
2019-03-03 00:00:00-08:00,427296.0,542234
2019-03-04 00:00:00-08:00,464637.0,587090
2019-03-05 00:00:00-08:00,475205.0,602580
2019-03-06 00:00:00-08:00,485143.0,613826
2019-03-07 00:00:00-08:00,471812.0,597907
2019-03-08 00:00:00-08:00,472767.0,597058
2019-03-09 00:00:00-08:00,452381.0,571362
2019-03-10 00:00:00-08:00,55679.0,534786
2019-03-11 00:00:00-07:00,469370.0,613230
2019-03-12 00:00:00-07:00,470101.0,591290
2019-03-13 00:00:00-07:00,456110.0,577084
2019-03-14 00:00:00-07:00,466348.0,586580
2019-03-15 00:00:00-07:00,453553.0,572620
2019-03-16 00:00:00-07:00,436522.0,548948
2019-03-17 00:00:00-07:00,429659.0,539385
2019-03-18 00:00:00-07:00,472188.0,591374
2019-03-19 00:00:00-07:00,467702.0,589046
2019-03-20 00:00:00-07:00,479909.0,600346
2019-03-21 00:00:00-07:00,480845.0,601797
2019-03-22 00:00:00-07:00,478641.0,601060
2019-03-23 00:00:00-07:00,440254.0,554363
2019-03-24 00:00:00-07:00,431480.0,542184
2019-03-25 00:00:00-07:00,495731.0,617873
2019-03-26 00:00:00-07:00,314665.0,392278
